X1,X2,X3,color,grade,X6,X7,X8,X9,income_class,X11,X12,X13,X14,X15
4.889143765722746,2.254822093160036,-5.507501927583133,blue,B,-1.4344382604181027,3.447659592413573,3.986419314212536,3.487959471719532,medium,-3.652903072552211,1.6383255392682599,0.07046159083186199,-0.0875780176357735,2.64034837136833
5.417428459678496,7.6291161217491315,-4.325187263873651,red,B,9.436756610639407,3.8652992445264127,3.174271603244205,2.8797926732855283,medium,-8.268895055926503,-0.628510876798458,0.7401255796833863,-3.546069113145594,3.6953957488539064
